Name,Time


 ELON MUSK, 15:06:40, 20-04-22,
 ELON MUSK, 15:06:45, 20-04-22,
 ELON MUSK, 15:06:47, 20-04-22,
 ELON MUSK, 15:06:49, 20-04-22,
 ELON MUSK, 15:06:51, 20-04-22,
 ELON MUSK, 15:06:53, 20-04-22,
 ELON MUSK, 15:06:56, 20-04-22,
 ELON MUSK, 15:06:58, 20-04-22,
 ELON MUSK, 15:07:00, 20-04-22,
 ELON MUSK, 15:07:02, 20-04-22,
 ELON MUSK, 15:07:03, 20-04-22,
 ELON MUSK, 15:07:05, 20-04-22,
 ELON MUSK, 15:07:07, 20-04-22,
 ELON MUSK, 15:07:09, 20-04-22,
 ELON MUSK, 15:07:11, 20-04-22,
 JAFFER, 18:24:40, 21-04-22,
 JAFFER, 18:24:41, 21-04-22,
 JAFFER, 18:24:43, 21-04-22,